{"cameraMode":{"drawMode":0,"name":"Shaded","section":"Shading Mode"},"sceneLighting":false,"audioPlay":false,"sceneViewState":{"showFog":true,"showMaterialUpdate":false,"showSkybox":false,"showFlares":true,"showImageEffects":true,"showParticleSystems":true},"in2DMode":false,"pivot":{"x":-0.654326319694519,"y":-0.9826532006263733,"z":7.9853515625},"rotation":{"x":-0.12650087475776673,"y":0.5536049008369446,"z":-0.08554422855377197,"w":-0.8186582922935486},"size":6.862591743469238,"orthographic":false}